{
    "iteration_0": 1.4672029756814282,
    "iteration_1": 0.1457259983423506,
    "iteration_2": 0.14745024015110228,
    "iteration_3": 0.12922900459611197,
    "iteration_4": 0.1447821083028912,
    "iteration_5": 0.14751165019725676,
    "iteration_6": 0.12514472924717354,
    "iteration_7": 0.1585898439432731,
    "iteration_8": 0.18392582751748798,
    "iteration_9": 0.14551009371278828,
    "iteration_10": 0.1341308647827147,
    "iteration_11": 0.12568690145777192,
    "iteration_12": 0.14581572261025066,
    "iteration_13": 0.12959306897802028,
    "iteration_14": 0.1278584008248065,
    "iteration_15": 0.13366660978036457,
    "iteration_16": 0.1217470006346278
}