{
    "Dimension": 2,
    "Number of measures": 4,
    "Number of mixture components": 5,
    "Radius of truncation": 5,
    "Generating seed": 100,
    "Number of samples per iteration": 100,
    "R": 50,
    "lambda_lower": 0.01,
    "lambda_upper": 1000,
    "mixture components of nu_0": [
        [
            [
                5.434049417909654,
                2.7836938509379614
            ],
            [
                [
                    9.938618985928239,
                    1.0470192912597376
                ],
                [
                    1.0470192912597376,
                    1.148013187317305
                ]
            ]
        ],
        [
            [
                6.7074908472677865,
                8.258527551050477
            ],
            [
                [
                    4.494210292150095,
                    2.4216032961697778
                ],
                [
                    2.4216032961697778,
                    9.382203541373691
                ]
            ]
        ],
        [
            [
                1.8532821955007506,
                1.0837689046425514
            ],
            [
                [
                    11.059715002606847,
                    3.4659031728767142
                ],
                [
                    3.4659031728767142,
                    7.883932463750707
                ]
            ]
        ],
        [
            [
                8.1622474872584,
                2.740737470416992
            ],
            [
                [
                    11.700245639715165,
                    6.689379134325386
                ],
                [
                    6.689379134325386,
                    8.815217496280416
                ]
            ]
        ],
        [
            [
                1.7541045374233666,
                3.728320462899232
            ],
            [
                [
                    1.6375142302935979,
                    0.08376888793236559
                ],
                [
                    0.08376888793236559,
                    7.333115415377307
                ]
            ]
        ]
    ],
    "mixture components of nu_1": [
        [
            [
                5.163986277024462,
                5.706675868681398
            ],
            [
                [
                    1.3023046012772839,
                    1.625441029773331
                ],
                [
                    1.625441029773331,
                    12.649885191584703
                ]
            ]
        ],
        [
            [
                3.069662196722378,
                8.936130796833973
            ],
            [
                [
                    6.567023507799302,
                    4.667830914886306
                ],
                [
                    4.667830914886306,
                    5.311651358105857
                ]
            ]
        ],
        [
            [
                1.8189240266007867,
                7.856017618643588
            ],
            [
                [
                    10.861460769177283,
                    2.2091384824453524
                ],
                [
                    2.2091384824453524,
                    4.7125321124609245
                ]
            ]
        ],
        [
            [
                7.289927572876178,
                2.762388284972628
            ],
            [
                [
                    8.378314850973952,
                    1.046247541720523
                ],
                [
                    1.046247541720523,
                    1.2135867703540848
                ]
            ]
        ],
        [
            [
                1.8696742613792106,
                9.94317901154097
            ],
            [
                [
                    7.060897816809629,
                    6.962766588597016
                ],
                [
                    6.962766588597016,
                    9.33681610954143
                ]
            ]
        ]
    ],
    "mixture components of nu_2": [
        [
            [
                5.976815849360632,
                6.759869043722841
            ],
            [
                [
                    7.235508996455655,
                    7.6438792118938785
                ],
                [
                    7.6438792118938785,
                    10.894488725241144
                ]
            ]
        ],
        [
            [
                1.6724850414891546,
                3.121449685769
            ],
            [
                [
                    4.699304034701755,
                    6.152810641314144
                ],
                [
                    6.152810641314144,
                    11.402633611072268
                ]
            ]
        ],
        [
            [
                1.824105253678282,
                3.611620851279358
            ],
            [
                [
                    8.682453037780377,
                    5.078932748036351
                ],
                [
                    5.078932748036351,
                    4.37754759077162
                ]
            ]
        ],
        [
            [
                1.3092809065110511,
                1.2241718765233855
            ],
            [
                [
                    4.05189227677201,
                    3.5458902865265434
                ],
                [
                    3.5458902865265434,
                    10.271621253233937
                ]
            ]
        ],
        [
            [
                2.490707183149773,
                1.976777416281621
            ],
            [
                [
                    12.426659483110619,
                    6.580858533293929
                ],
                [
                    6.580858533293929,
                    5.274397601281709
                ]
            ]
        ]
    ],
    "mixture components of nu_3": [
        [
            [
                4.321112056009025,
                1.7421526319883063
            ],
            [
                [
                    8.141968808378481,
                    4.805491920558195
                ],
                [
                    4.805491920558195,
                    6.557759523554585
                ]
            ]
        ],
        [
            [
                8.2268475801786,
                8.215481108679935
            ],
            [
                [
                    2.34681399089591,
                    3.142664895784641
                ],
                [
                    3.142664895784641,
                    11.610906014621106
                ]
            ]
        ],
        [
            [
                6.775444304933361,
                6.089751041161869
            ],
            [
                [
                    5.521362207778933,
                    2.2914252489219153
                ],
                [
                    2.2914252489219153,
                    3.4091609798666935
                ]
            ]
        ],
        [
            [
                4.86059987461812,
                8.782824185340841
            ],
            [
                [
                    10.673731767708663,
                    6.562870031290611
                ],
                [
                    6.562870031290611,
                    5.9003067341751825
                ]
            ]
        ],
        [
            [
                7.373287438488044,
                5.961464515319591
            ],
            [
                [
                    2.7037440617310615,
                    1.0096124176665975
                ],
                [
                    1.0096124176665975,
                    4.610503014144957
                ]
            ]
        ]
    ]
}