{
    "objective in iteration_0": 7.414412873920847,
    "objective in iteration_1": 3.5337530844649647,
    "objective in iteration_2": 3.6521580288083983,
    "objective in iteration_3": 3.5465495789626393,
    "objective in iteration_4": 3.6976381415275985,
    "objective in iteration_5": 4.187346706505672
}