{
    "Number of samples per iteration": 50,
    "R": [
        50
    ],
    "lambda_lower": 0.1,
    "lambda_upper": 1000,
    "Mean of nu_0": [
        0.5488135039273248,
        0.7151893663724195
    ],
    "Covariance matrix of nu_0": [
        [
            0.6602213706461157,
            0.6073004373451902
        ],
        [
            0.6073004373451902,
            0.5966625942970499
        ]
    ],
    "Mean of nu_1": [
        0.4375872112626925,
        0.8917730007820798
    ],
    "Covariance matrix of nu_1": [
        [
            1.0756733143358832,
            0.9657562070858146
        ],
        [
            0.9657562070858146,
            0.906558372067428
        ]
    ],
    "Mean of nu_2": [
        0.5680445610939323,
        0.925596638292661
    ],
    "Covariance matrix of nu_2": [
        [
            0.012637636430774483,
            0.07398181931743582
        ],
        [
            0.07398181931743582,
            0.693664590795327
        ]
    ],
    "Mean of nu_3": [
        0.7781567509498505,
        0.8700121482468192
    ],
    "Covariance matrix of nu_3": [
        [
            1.5963482705153385,
            1.075378744312943
        ],
        [
            1.075378744312943,
            0.8221889968197853
        ]
    ]
}