{
    "objective in iteration_0": 1.3821228714398284,
    "objective in iteration_1": 0.12625751898319246,
    "objective in iteration_2": 0.14602257187340167,
    "objective in iteration_3": 0.11835483837425156,
    "objective in iteration_4": 0.12302894022505655
}