{
    "Dimension": 2,
    "Number of measures": 4,
    "Generating seed": 41,
    "Number of samples per iteration": 50,
    "R": 50,
    "lambda_lower": 0.01,
    "lambda_upper": 1000,
    "Mean of nu_0": [
        2.5092362374494015,
        0.46095820672611754
    ],
    "A_matrix of nu_0": [
        [
            5.599698204132448,
            1.0504718405046185
        ],
        [
            1.0504718405046185,
            4.782082489486333
        ]
    ],
    "Mean of nu_1": [
        1.9093066277973914,
        6.685157172603457
    ],
    "A_matrix of nu_1": [
        [
            11.170873166231013,
            4.233599350392613
        ],
        [
            4.233599350392613,
            2.9050464659227053
        ]
    ],
    "Mean of nu_2": [
        1.862822673982244,
        3.1711047048663064
    ],
    "A_matrix of nu_2": [
        [
            3.3635638329468964,
            3.610920131644587
        ],
        [
            3.610920131644587,
            6.960219990079953
        ]
    ],
    "Mean of nu_3": [
        7.452823549192478,
        3.9821279588322445
    ],
    "A_matrix of nu_3": [
        [
            10.005882800778213,
            5.434693913391724
        ],
        [
            5.434693913391724,
            4.330435227159666
        ]
    ]
}