{
    "objective in iteration_0": 127.34318456622982,
    "objective in iteration_1": 35.208603922611964,
    "objective in iteration_2": 35.03348374882017,
    "objective in iteration_3": 32.58931132485745,
    "objective in iteration_4": 27.69159542007366,
    "objective in iteration_5": 26.462254309846458
}