{
    "objective in iteration_0": 61.25549548703522,
    "objective in iteration_1": 15.524621903920572,
    "objective in iteration_2": 16.211051222242542,
    "objective in iteration_3": 14.673935704630885,
    "objective in iteration_4": 19.448552852774895,
    "objective in iteration_5": 17.1559169173216
}