{
    "b of barycenter": [
        3.4335472721053786,
        3.5748370107570313
    ],
    "A of barycenter": [
        [
            7.49131244196596,
            3.8457525636146896
        ],
        [
            3.8457525636146896,
            4.647024377024571
        ]
    ],
    "Sigma of barycenter": [
        [
            70.90957488370296,
            46.68103993965141
        ],
        [
            46.68103993965143,
            36.38464834120957
        ]
    ]
}