{
    "b of barycenter": [
        3.4335472721053786,
        3.5748370107570313
    ],
    "A of barycenter": [
        [
            7.6366972278536105,
            3.955886626904984
        ],
        [
            3.947178403430923,
            4.674213114811353
        ]
    ]
}