{
    "b of barycenter": [
        3.4335472721053786,
        3.5748370107570313
    ],
    "A of barycenter": [
        [
            7.6167179830622,
            4.0497058010172555
        ],
        [
            3.9465213034028146,
            4.7681209157405595
        ]
    ]
}