{
    "Barycenter mean": [
        3.4335472721053786,
        3.5748370107570313
    ],
    "Barycenter covariance": [
        [
            70.90957488370296,
            46.68103993965141
        ],
        [
            46.68103993965143,
            36.38464834120957
        ]
    ],
    "Objective value": 25.40148891831502,
    "Objective value list": [
        110.13681110468555,
        25.541765247206552,
        25.40184771767876,
        25.40148991256164,
        25.40148891831502
    ]
}