{
    "Barycenter mean": [
        3.4335472721053786,
        3.5748370107570313
    ],
    "Barycenter covariance": [
        [
            16.50297769357481,
            10.807019675160674
        ],
        [
            10.807019675160678,
            8.363346476947818
        ]
    ],
    "Objective value": 13.893246783003587,
    "Objective value list": [
        28.946214999978555,
        13.92628328549073,
        13.89333211847843,
        13.893247021193037,
        13.893246783003587
    ]
}