{
    "Mean of truncated nu_0": [
        2.5092362374494015,
        0.46095820672611754
    ],
    "Covariance matrix of truncated nu_0": [
        [
            32.46011106505732,
            10.905768272941035
        ],
        [
            10.905768272941035,
            23.971804023944966
        ]
    ],
    "Mean of truncated nu_1": [
        1.9093066277973914,
        6.685157172603457
    ],
    "Covariance matrix of truncated nu_1": [
        [
            142.71177075566484,
            59.59180421086461
        ],
        [
            59.59180421086461,
            26.36265842881475
        ]
    ],
    "Mean of truncated nu_2": [
        1.862822673982244,
        3.1711047048663064
    ],
    "Covariance matrix of truncated nu_2": [
        [
            24.35230585542458,
            37.278358841314365
        ],
        [
            37.278358841314365,
            61.48340650742473
        ]
    ],
    "Mean of truncated nu_3": [
        7.452823549192478,
        3.9821279588322445
    ],
    "Covariance matrix of truncated nu_3": [
        [
            129.65358855516632,
            77.91350032688204
        ],
        [
            77.91350032688204,
            48.28856718888244
        ]
    ]
}