{
    "Mean of truncated nu_0": [
        2.5092362374494015,
        0.46095820672611754
    ],
    "Covariance matrix of truncated nu_0": [
        [
            7.655072609036013,
            2.550694251539557
        ],
        [
            2.550694251539557,
            5.41700346852795
        ]
    ],
    "Mean of truncated nu_1": [
        1.9093066277973914,
        6.685157172603457
    ],
    "Covariance matrix of truncated nu_1": [
        [
            33.23345455326362,
            13.847040824174227
        ],
        [
            13.847040824174227,
            6.100242994382852
        ]
    ],
    "Mean of truncated nu_2": [
        1.862822673982244,
        3.1711047048663064
    ],
    "Covariance matrix of truncated nu_2": [
        [
            5.471580026775242,
            8.436357354256348
        ],
        [
            8.436357354256348,
            14.033214040290915
        ]
    ],
    "Mean of truncated nu_3": [
        7.452823549192478,
        3.9821279588322445
    ],
    "Covariance matrix of truncated nu_3": [
        [
            30.35736076390643,
            18.215223371111392
        ],
        [
            18.215223371111392,
            11.271719013979535
        ]
    ]
}