{
    "objective in iteration_0": 65.86835052011253,
    "objective in iteration_1": 16.257610160411982,
    "objective in iteration_2": 14.777211907262753,
    "objective in iteration_3": 15.75070308622814,
    "objective in iteration_4": 15.56761937014547,
    "objective in iteration_5": 14.189108624756283
}