{
    "A_0": [
        [
            0.01460417830977471,
            0.0059635842885617
        ],
        [
            0.0059635842885617,
            0.004798166142766484
        ]
    ],
    "b_0": [
        5.8813080107727425,
        8.97713727909418
    ]
}