{
    "A_9": [
        [
            0.8005872567654927,
            0.9331161252127119
        ],
        [
            0.9331161252127119,
            1.16745752095445
        ]
    ],
    "b_9": [
        0.9753360174945158,
        7.612497166748563
    ]
}