{
    "A_2": [
        [
            4.916344251026636,
            3.748625523603727
        ],
        [
            3.748625523603727,
            2.8583018299952787
        ]
    ],
    "b_2": [
        4.359949021420038,
        0.25926231827891333
    ]
}